timestamp,OriginCityName,"hour_of_day",DestCityName,OriginWeather,TestField
"Nov 26, 2023 @ 23:53:35.000",Verona,22,Zurich,Cloudy,0
"Nov 26, 2023 @ 22:16:59.000",Zurich,21,Zurich,Sunny,0
"Nov 26, 2023 @ 20:02:10.000",Portland,19,Zurich,Clear,0
"Nov 26, 2023 @ 19:18:07.000",Torino,18,Zurich,"Damaging Wind",0
"Nov 26, 2023 @ 13:22:16.000",Zurich,12,Zurich,Clear,0
"Nov 26, 2023 @ 12:38:46.000",Santiago,11,Zurich,Clear,0
"Nov 26, 2023 @ 12:20:18.000",Verona,11,Zurich,Sunny,0
"Nov 26, 2023 @ 07:22:51.000",Bogota,6,Zurich,"Heavy Fog",0
"Nov 26, 2023 @ 06:55:58.000","Chitose / Tomakomai",5,Zurich,"Heavy Fog",0
"Nov 26, 2023 @ 05:47:00.000",Bogota,4,Zurich,"Damaging Wind",0
"Nov 26, 2023 @ 05:21:39.000",Shanghai,4,Zurich,Rain,0
"Nov 26, 2023 @ 05:09:55.000",Zurich,4,Zurich,"Thunder & Lightning",0
"Nov 26, 2023 @ 05:09:55.000","Xi'an",4,Zurich,"Heavy Fog",0
"Nov 26, 2023 @ 02:41:57.000",Winnipeg,1,Zurich,Rain,0
"Nov 26, 2023 @ 02:21:29.000",Vienna,1,Zurich,Clear,0
"Nov 26, 2023 @ 00:40:01.000",Zurich,23,Zurich,Hail,0
"Nov 26, 2023 @ 00:09:24.000",London,23,Zurich,"Heavy Fog",0
"Nov 26, 2023 @ 00:05:11.000",Zurich,23,Zurich,"Heavy Fog",0
"Nov 25, 2023 @ 22:26:29.000",Treviso,21,Zurich,Cloudy,0
"Nov 25, 2023 @ 21:38:11.000",Ottawa,20,Zurich,Rain,0
"Nov 25, 2023 @ 21:12:39.000",Winnipeg,20,Zurich,Sunny,0
"Nov 25, 2023 @ 19:37:06.000",Verona,18,Zurich,Sunny,0
"Nov 25, 2023 @ 19:03:20.000","Buenos Aires",18,Zurich,"Heavy Fog",0
"Nov 25, 2023 @ 19:03:20.000",Beijing,18,Zurich,Cloudy,0
"Nov 25, 2023 @ 17:41:13.000",Torino,16,Zurich,Sunny,0
"Nov 25, 2023 @ 16:17:32.000",Tokyo,15,Zurich,Clear,0
"Nov 25, 2023 @ 15:06:37.000",Shanghai,14,Zurich,"Heavy Fog",0
"Nov 25, 2023 @ 12:56:18.000","Frankfurt am Main",11,Zurich,Clear,0
"Nov 25, 2023 @ 12:46:38.000",Winnipeg,11,Zurich,"Damaging Wind",0
"Nov 25, 2023 @ 09:58:58.000",Winnipeg,8,Zurich,Cloudy,0
"Nov 25, 2023 @ 09:05:31.000",Verona,8,Zurich,Hail,0
"Nov 25, 2023 @ 08:48:46.000",Winnipeg,7,Zurich,"Thunder & Lightning",0
"Nov 25, 2023 @ 08:08:50.000","Mexico City",7,Zurich,Cloudy,0
"Nov 25, 2023 @ 08:08:29.000",Torino,7,Zurich,Hail,0
"Nov 25, 2023 @ 07:30:26.000",Vienna,6,Zurich,Sunny,0
"Nov 25, 2023 @ 06:42:07.000",Verona,5,Zurich,Sunny,0
"Nov 25, 2023 @ 05:46:33.000",Treviso,4,Zurich,Cloudy,0
"Nov 25, 2023 @ 04:18:57.000",Osaka,3,Zurich,"Heavy Fog",0
"Nov 25, 2023 @ 03:33:29.000",Munich,2,Zurich,Cloudy,0
"Nov 25, 2023 @ 02:20:19.000","Xi'an",1,Zurich,"Damaging Wind",0
"Nov 25, 2023 @ 02:02:30.000",Beijing,1,Zurich,Rain,0
"Nov 25, 2023 @ 01:29:39.000",Shanghai,0,Zurich,Clear,0
"Nov 25, 2023 @ 00:47:53.000","Xi'an",23,Zurich,Sunny,0
"Nov 24, 2023 @ 21:55:45.000","Xi'an",20,Zurich,Clear,0
"Nov 24, 2023 @ 19:46:15.000",Zurich,18,Zurich,Hail,0
"Nov 24, 2023 @ 19:15:45.000","Xi'an",18,Zurich,Sunny,0
"Nov 24, 2023 @ 18:27:19.000",Zurich,17,Zurich,Clear,0
"Nov 24, 2023 @ 17:49:11.000",Treviso,16,Zurich,Sunny,0
"Nov 24, 2023 @ 16:38:23.000",Winnipeg,15,Zurich,Clear,0
"Nov 24, 2023 @ 14:33:41.000",Oslo,13,Zurich,Sunny,0
"Nov 24, 2023 @ 07:22:45.000",Zurich,6,Zurich,Sunny,0
"Nov 24, 2023 @ 07:19:29.000",Rome,6,Zurich,Cloudy,0
"Nov 24, 2023 @ 03:20:53.000",Sydney,2,Zurich,Rain,0
"Nov 24, 2023 @ 00:26:45.000",Oslo,23,Zurich,Hail,0
"Nov 23, 2023 @ 23:57:11.000",Zurich,22,Zurich,Hail,0
"Nov 23, 2023 @ 23:29:29.000","Xi'an",22,Zurich,"Thunder & Lightning",0
"Nov 23, 2023 @ 23:27:27.000",Portland,22,Zurich,Rain,0
"Nov 23, 2023 @ 22:47:01.000",Wichita,21,Zurich,Rain,0
"Nov 23, 2023 @ 22:28:13.000",Zurich,21,Zurich,Cloudy,0
"Nov 23, 2023 @ 21:06:02.000",Zurich,20,Zurich,Clear,0
"Nov 23, 2023 @ 20:29:44.000",Cagliari,19,Zurich,"Thunder & Lightning",0
"Nov 23, 2023 @ 19:23:30.000","Xi'an",18,Zurich,Sunny,0
"Nov 23, 2023 @ 17:04:05.000",Zurich,16,Zurich,Clear,0
"Nov 23, 2023 @ 16:39:29.000",Montreal,15,Zurich,Rain,0
"Nov 23, 2023 @ 14:43:03.000",Wichita,13,Zurich,Rain,0
"Nov 23, 2023 @ 14:02:31.000",London,13,Zurich,"Damaging Wind",0
"Nov 23, 2023 @ 12:56:57.000","Buenos Aires",11,Zurich,Clear,0
"Nov 23, 2023 @ 10:10:32.000",Winnipeg,9,Zurich,"Thunder & Lightning",0
"Nov 23, 2023 @ 06:07:40.000",Shanghai,5,Zurich,Rain,0
"Nov 23, 2023 @ 02:45:40.000","Xi'an",1,Zurich,"Heavy Fog",0
"Nov 23, 2023 @ 02:39:45.000",Newark,1,Zurich,Rain,0
"Nov 23, 2023 @ 02:15:01.000",Zurich,1,Zurich,Sunny,0
"Nov 23, 2023 @ 00:22:48.000",Paris,23,Zurich,Clear,0
"Nov 22, 2023 @ 23:48:57.000",Bergamo,22,Zurich,Cloudy,0
"Nov 22, 2023 @ 18:59:27.000","Xi'an",17,Zurich,Clear,0
"Nov 22, 2023 @ 18:10:11.000",Warsaw,17,Zurich,"Heavy Fog",0
"Nov 22, 2023 @ 17:28:26.000",Verona,16,Zurich,Clear,0
"Nov 22, 2023 @ 17:00:31.000",Zurich,16,Zurich,Clear,0
"Nov 22, 2023 @ 15:11:52.000",Belogorsk,14,Zurich,Cloudy,0
"Nov 22, 2023 @ 10:33:00.000",Ottawa,9,Zurich,Hail,0
"Nov 22, 2023 @ 10:12:47.000","Xi'an",9,Zurich,"Heavy Fog",0
"Nov 22, 2023 @ 10:08:18.000",Savannah,9,Zurich,"Heavy Fog",0
"Nov 22, 2023 @ 08:03:44.000",Sydney,7,Zurich,Rain,0
"Nov 22, 2023 @ 06:16:39.000","Xi'an",5,Zurich,Cloudy,0
"Nov 22, 2023 @ 05:57:26.000","Xi'an",4,Zurich,Cloudy,0
"Nov 22, 2023 @ 05:23:04.000","Xi'an",4,Zurich,"Thunder & Lightning",0
"Nov 22, 2023 @ 04:36:46.000",Tokyo,3,Zurich,"Thunder & Lightning",0
"Nov 22, 2023 @ 03:24:44.000",Nashville,2,Zurich,Cloudy,0
"Nov 22, 2023 @ 01:56:26.000",Memphis,0,Zurich,Cloudy,0
"Nov 22, 2023 @ 00:53:01.000",Dublin,23,Zurich,Rain,0
"Nov 22, 2023 @ 00:30:26.000","Xi'an",23,Zurich,Sunny,0
"Nov 21, 2023 @ 22:09:37.000","Xi'an",21,Zurich,Hail,0
"Nov 21, 2023 @ 21:47:45.000",Belogorsk,20,Zurich,Rain,0
"Nov 21, 2023 @ 21:32:02.000",Zurich,20,Zurich,Clear,0
"Nov 21, 2023 @ 21:26:48.000","Los Angeles",20,Zurich,Sunny,0
"Nov 21, 2023 @ 20:42:28.000",Torino,19,Zurich,Clear,0
"Nov 21, 2023 @ 19:56:31.000",Hartford,18,Zurich,Sunny,0
"Nov 21, 2023 @ 19:53:09.000",Shanghai,18,Zurich,Clear,0
"Nov 21, 2023 @ 16:35:25.000",Seoul,15,Zurich,Sunny,0
"Nov 21, 2023 @ 15:39:45.000",Zurich,14,Zurich,Hail,0
"Nov 21, 2023 @ 14:48:41.000",Zurich,13,Zurich,Cloudy,0
"Nov 21, 2023 @ 14:48:25.000","San Juan",13,Zurich,Sunny,0
"Nov 21, 2023 @ 12:24:16.000","Chitose / Tomakomai",11,Zurich,Cloudy,0
"Nov 21, 2023 @ 10:59:45.000","Raleigh/Durham",9,Zurich,Hail,0
"Nov 21, 2023 @ 10:22:09.000",Treviso,9,Zurich,Rain,0
"Nov 21, 2023 @ 09:26:52.000",Winnipeg,8,Zurich,Hail,0
"Nov 21, 2023 @ 09:00:19.000",Winnipeg,8,Zurich,Clear,0
"Nov 21, 2023 @ 08:55:58.000",Zurich,7,Zurich,Sunny,0
"Nov 21, 2023 @ 07:13:12.000",Zurich,6,Zurich,Sunny,0
"Nov 21, 2023 @ 03:25:28.000",Zurich,2,Zurich,Rain,0
"Nov 21, 2023 @ 02:50:54.000","Xi'an",1,Zurich,Cloudy,0
"Nov 21, 2023 @ 01:06:45.000",Warsaw,0,Zurich,Clear,0
"Nov 20, 2023 @ 22:43:56.000",Zurich,21,Zurich,Clear,0
"Nov 20, 2023 @ 19:35:39.000",Stockholm,18,Zurich,Sunny,0
"Nov 20, 2023 @ 18:06:24.000",Zurich,17,Zurich,"Damaging Wind",0
"Nov 20, 2023 @ 17:55:38.000",Spokane,16,Zurich,"Damaging Wind",0
"Nov 20, 2023 @ 17:30:27.000",Barcelona,16,Zurich,Rain,0
"Nov 20, 2023 @ 15:11:41.000",Seoul,14,Zurich,Cloudy,0
"Nov 20, 2023 @ 14:29:13.000",Seoul,13,Zurich,Hail,0
"Nov 20, 2023 @ 13:08:23.000",Zurich,12,Zurich,Hail,0
"Nov 20, 2023 @ 10:56:30.000","Xi'an",9,Zurich,"Thunder & Lightning",0
"Nov 20, 2023 @ 09:06:17.000",Stockholm,8,Zurich,Sunny,0
"Nov 20, 2023 @ 08:30:01.000",Zurich,7,Zurich,Sunny,0
"Nov 20, 2023 @ 08:23:13.000","Xi'an",7,Zurich,"Thunder & Lightning",0
"Nov 20, 2023 @ 08:14:52.000",Venice,7,Zurich,"Heavy Fog",0
"Nov 20, 2023 @ 06:04:59.000",Seoul,5,Zurich,"Damaging Wind",0
"Nov 20, 2023 @ 05:20:46.000",Spokane,4,Zurich,Sunny,0
"Nov 20, 2023 @ 03:47:45.000",Quito,2,Zurich,Rain,0
"Nov 20, 2023 @ 02:25:47.000",Norfolk,1,Zurich,"Thunder & Lightning",0
"Nov 20, 2023 @ 01:55:20.000",Washington,0,Zurich,Cloudy,0
"Nov 20, 2023 @ 01:31:00.000",Orlando,0,Zurich,Hail,0
"Nov 20, 2023 @ 01:25:13.000",Hyderabad,0,Zurich,Cloudy,0
"Nov 20, 2023 @ 00:57:51.000",Spokane,23,Zurich,Sunny,0
"Nov 19, 2023 @ 23:21:49.000",Treviso,22,Zurich,Rain,0
"Nov 19, 2023 @ 22:25:31.000","Jebel Ali",21,Zurich,Clear,0
"Nov 19, 2023 @ 21:06:02.000",Shanghai,20,Zurich,Sunny,0
"Nov 19, 2023 @ 20:17:00.000",Hyderabad,19,Zurich,Cloudy,0
"Nov 19, 2023 @ 20:04:36.000",Venice,19,Zurich,Clear,0
"Nov 19, 2023 @ 19:05:30.000",Zurich,18,Zurich,"Thunder & Lightning",0
"Nov 19, 2023 @ 15:54:19.000",Shanghai,14,Zurich,Clear,0
"Nov 19, 2023 @ 14:28:46.000",Bangor,13,Zurich,Sunny,0
"Nov 19, 2023 @ 13:39:42.000",Winnipeg,12,Zurich,Clear,0
"Nov 19, 2023 @ 11:53:52.000",Rome,10,Zurich,Clear,0
"Nov 19, 2023 @ 11:13:25.000",Warsaw,10,Zurich,Clear,0
"Nov 19, 2023 @ 09:30:47.000",Syracuse,8,Zurich,Cloudy,0
"Nov 19, 2023 @ 09:14:57.000",Zurich,8,Zurich,Rain,0
"Nov 19, 2023 @ 06:24:58.000",Beijing,5,Zurich,Rain,0
"Nov 19, 2023 @ 05:15:04.000",Zurich,4,Zurich,Cloudy,0
"Nov 19, 2023 @ 04:38:24.000",Seattle,3,Zurich,Hail,0
"Nov 19, 2023 @ 04:11:34.000",Verona,3,Zurich,Cloudy,0
"Nov 19, 2023 @ 04:10:15.000",Treviso,3,Zurich,Sunny,0
"Nov 19, 2023 @ 02:36:56.000",Vienna,1,Zurich,"Thunder & Lightning",0
"Nov 18, 2023 @ 22:17:53.000",Rome,21,Zurich,Cloudy,0
"Nov 18, 2023 @ 22:00:03.000",Zurich,21,Zurich,Rain,0
"Nov 18, 2023 @ 21:17:07.000",Washington,20,Zurich,Hail,0
"Nov 18, 2023 @ 18:49:43.000","San Diego",17,Zurich,Rain,0
"Nov 18, 2023 @ 16:46:39.000","Xi'an",15,Zurich,Hail,0
"Nov 18, 2023 @ 11:22:33.000",Zurich,10,Zurich,Sunny,0
"Nov 18, 2023 @ 11:18:47.000",Zurich,10,Zurich,Cloudy,0
"Nov 18, 2023 @ 08:55:45.000","Jebel Ali",7,Zurich,Cloudy,0
"Nov 18, 2023 @ 08:41:46.000",Sydney,7,Zurich,Clear,0
"Nov 18, 2023 @ 07:57:05.000",Zurich,6,Zurich,Sunny,0
"Nov 18, 2023 @ 07:56:21.000",Zurich,6,Zurich,"Thunder & Lightning",0
"Nov 18, 2023 @ 04:11:19.000",Warsaw,3,Zurich,Cloudy,0
"Nov 18, 2023 @ 03:40:49.000","Xi'an",2,Zurich,Hail,0
"Nov 18, 2023 @ 03:30:12.000",Wichita,2,Zurich,Clear,0
"Nov 18, 2023 @ 03:27:30.000",Treviso,2,Zurich,Cloudy,0
"Nov 18, 2023 @ 02:22:50.000",Warsaw,1,Zurich,Hail,0
"Nov 18, 2023 @ 01:00:00.000",Milan,0,Zurich,Clear,0
"Nov 17, 2023 @ 21:32:47.000",Zurich,20,Zurich,Sunny,0
"Nov 17, 2023 @ 19:22:55.000","Xi'an",18,Zurich,"Heavy Fog",0
"Nov 17, 2023 @ 19:14:42.000","San Juan",18,Zurich,"Damaging Wind",0
"Nov 17, 2023 @ 18:58:25.000",Tokyo,17,Zurich,"Heavy Fog",0
"Nov 17, 2023 @ 17:49:37.000",Venice,16,Zurich,Cloudy,0
"Nov 17, 2023 @ 17:39:57.000",Winnipeg,16,Zurich,"Heavy Fog",0
"Nov 17, 2023 @ 17:39:57.000",Treviso,16,Zurich,Sunny,0
"Nov 17, 2023 @ 17:11:26.000",Venice,16,Zurich,Clear,0
"Nov 17, 2023 @ 14:15:45.000",Zurich,13,Zurich,Cloudy,0
"Nov 17, 2023 @ 13:18:05.000",Zurich,12,Zurich,Clear,0
"Nov 17, 2023 @ 10:55:31.000",Winnipeg,9,Zurich,Hail,0
"Nov 17, 2023 @ 08:32:42.000",Venice,7,Zurich,Clear,0
"Nov 17, 2023 @ 08:19:43.000",Quito,7,Zurich,Hail,0
"Nov 17, 2023 @ 06:18:03.000",Zurich,5,Zurich,Sunny,0
"Nov 17, 2023 @ 04:38:39.000",Sydney,3,Zurich,Sunny,0
"Nov 17, 2023 @ 04:26:55.000",Zurich,3,Zurich,Clear,0
"Nov 17, 2023 @ 03:51:49.000",Verona,2,Zurich,Clear,0
"Nov 17, 2023 @ 03:06:44.000","Xi'an",2,Zurich,Hail,0
"Nov 17, 2023 @ 02:06:05.000",Belogorsk,1,Zurich,Sunny,0
"Nov 17, 2023 @ 01:30:07.000",Lima,0,Zurich,"Heavy Fog",0
"Nov 16, 2023 @ 23:54:28.000",Rome,22,Zurich,Clear,0
"Nov 16, 2023 @ 23:18:17.000",Moscow,22,Zurich,"Heavy Fog",0
"Nov 16, 2023 @ 22:48:46.000",Zurich,21,Zurich,Clear,0
"Nov 16, 2023 @ 20:29:05.000","Cape Town",19,Zurich,Clear,0
"Nov 16, 2023 @ 18:54:22.000","Xi'an",17,Zurich,Sunny,0
"Nov 16, 2023 @ 18:28:30.000",London,17,Zurich,Cloudy,0
"Nov 16, 2023 @ 18:02:16.000",Venice,17,Zurich,Rain,0
"Nov 16, 2023 @ 15:15:56.000",Zurich,14,Zurich,Sunny,0
"Nov 16, 2023 @ 13:38:08.000",Zurich,12,Zurich,Sunny,0
"Nov 16, 2023 @ 13:13:49.000","Xi'an",12,Zurich,Cloudy,0
"Nov 16, 2023 @ 11:37:34.000",Zurich,10,Zurich,Hail,0
"Nov 16, 2023 @ 09:04:12.000","Kansas City",8,Zurich,Rain,0
"Nov 16, 2023 @ 06:43:52.000",Zurich,5,Zurich,Sunny,0
"Nov 16, 2023 @ 04:43:38.000",Olenegorsk,3,Zurich,Rain,0
"Nov 16, 2023 @ 04:30:43.000",Seattle,3,Zurich,"Damaging Wind",0
"Nov 16, 2023 @ 03:19:24.000",Bologna,2,Zurich,Sunny,0
"Nov 16, 2023 @ 01:10:25.000","Buenos Aires",0,Zurich,Clear,0
"Nov 16, 2023 @ 00:37:02.000",Shanghai,23,Zurich,Hail,0
"Nov 16, 2023 @ 00:28:37.000",Montreal,23,Zurich,Cloudy,0
"Nov 15, 2023 @ 23:43:29.000",Shanghai,22,Zurich,Clear,0
"Nov 15, 2023 @ 23:18:58.000",Winnipeg,22,Zurich,Rain,0
"Nov 15, 2023 @ 22:52:49.000",Tokyo,21,Zurich,"Damaging Wind",0
"Nov 15, 2023 @ 22:50:14.000",Belogorsk,21,Zurich,Cloudy,0
"Nov 15, 2023 @ 21:39:34.000",Winnipeg,20,Zurich,Rain,0
"Nov 15, 2023 @ 19:54:57.000","Xi'an",18,Zurich,Cloudy,0
"Nov 15, 2023 @ 19:35:21.000",Winnipeg,18,Zurich,Hail,0
"Nov 15, 2023 @ 19:19:32.000",Quito,18,Zurich,"Heavy Fog",0
"Nov 15, 2023 @ 19:05:52.000",Hyderabad,18,Zurich,Clear,0
"Nov 15, 2023 @ 16:33:03.000",Lima,15,Zurich,Hail,0
"Nov 15, 2023 @ 15:36:12.000",Zurich,14,Zurich,Rain,0
"Nov 15, 2023 @ 14:27:27.000",Indianapolis,13,Zurich,Cloudy,0
"Nov 15, 2023 @ 11:49:20.000","Xi'an",10,Zurich,"Damaging Wind",0
"Nov 15, 2023 @ 09:36:22.000",Vienna,8,Zurich,Sunny,0
"Nov 15, 2023 @ 07:55:43.000","Xi'an",6,Zurich,Sunny,0
"Nov 15, 2023 @ 07:01:20.000",Belogorsk,6,Zurich,Rain,0
"Nov 15, 2023 @ 03:55:02.000",Winnipeg,2,Zurich,Cloudy,0
"Nov 15, 2023 @ 03:38:36.000",Zurich,2,Zurich,"Damaging Wind",0
"Nov 14, 2023 @ 23:11:33.000","Xi'an",22,Zurich,Sunny,0
"Nov 14, 2023 @ 22:18:27.000",Treviso,21,Zurich,Sunny,0
"Nov 14, 2023 @ 20:00:44.000",Zurich,19,Zurich,Sunny,0
"Nov 14, 2023 @ 19:54:05.000",Zurich,18,Zurich,Rain,0
"Nov 14, 2023 @ 19:40:28.000",Beijing,18,Zurich,Cloudy,0
"Nov 14, 2023 @ 17:57:54.000",Guangzhou,16,Zurich,Rain,0
"Nov 14, 2023 @ 15:23:49.000",Zurich,14,Zurich,"Thunder & Lightning",0
"Nov 14, 2023 @ 11:48:18.000",Treviso,10,Zurich,"Thunder & Lightning",0
"Nov 14, 2023 @ 11:08:40.000",Winnipeg,10,Zurich,Clear,0
"Nov 14, 2023 @ 11:07:00.000",Winnipeg,10,Zurich,Sunny,0
"Nov 14, 2023 @ 08:27:16.000",Zurich,7,Zurich,Sunny,0
"Nov 14, 2023 @ 06:18:11.000",Zurich,5,Zurich,"Thunder & Lightning",0
"Nov 14, 2023 @ 05:56:05.000",Seattle,4,Zurich,Cloudy,0
"Nov 14, 2023 @ 02:52:32.000",Zurich,1,Zurich,Cloudy,0
"Nov 13, 2023 @ 23:07:15.000",Zurich,22,Zurich,"Thunder & Lightning",0
"Nov 13, 2023 @ 22:15:54.000",Bangalore,21,Zurich,Sunny,0
"Nov 13, 2023 @ 20:36:25.000",Rome,19,Zurich,Cloudy,0
"Nov 13, 2023 @ 20:21:15.000",Venice,19,Zurich,Rain,0
"Nov 13, 2023 @ 18:32:43.000",Winnipeg,17,Zurich,Clear,0
"Nov 13, 2023 @ 17:49:33.000",Venice,16,Zurich,Rain,0
"Nov 13, 2023 @ 16:33:59.000",Montreal,15,Zurich,Clear,0
"Nov 13, 2023 @ 16:13:04.000",Zurich,15,Zurich,"Thunder & Lightning",0
"Nov 13, 2023 @ 13:52:30.000","Buenos Aires",12,Zurich,"Thunder & Lightning",0
"Nov 13, 2023 @ 13:05:12.000",Washington,12,Zurich,"Damaging Wind",0
"Nov 13, 2023 @ 12:07:33.000",Winnipeg,11,Zurich,Sunny,0
"Nov 13, 2023 @ 12:07:21.000",Pisa,11,Zurich,"Damaging Wind",0
"Nov 13, 2023 @ 09:38:16.000","Abu Dhabi",8,Zurich,Cloudy,0
"Nov 13, 2023 @ 06:18:40.000",Zurich,5,Zurich,Cloudy,0
"Nov 13, 2023 @ 04:10:59.000",Zurich,3,Zurich,Clear,0
"Nov 13, 2023 @ 01:13:06.000",Torino,0,Zurich,Rain,0
"Nov 12, 2023 @ 23:34:44.000",Warsaw,22,Zurich,"Damaging Wind",0
"Nov 12, 2023 @ 22:40:23.000",Sydney,21,Zurich,Clear,0
"Nov 12, 2023 @ 20:47:38.000",Pisa,19,Zurich,Hail,0
"Nov 12, 2023 @ 20:11:52.000",Quito,19,Zurich,Clear,0
"Nov 12, 2023 @ 15:40:46.000",Sydney,14,Zurich,Cloudy,0
"Nov 12, 2023 @ 15:06:58.000",Edmonton,14,Zurich,Clear,0
"Nov 12, 2023 @ 12:48:59.000",Zurich,11,Zurich,Cloudy,0
"Nov 12, 2023 @ 12:36:24.000",Shanghai,11,Zurich,Rain,0
"Nov 12, 2023 @ 08:50:33.000",Venice,7,Zurich,Rain,0
"Nov 12, 2023 @ 06:59:25.000",Winnipeg,5,Zurich,Sunny,0
"Nov 12, 2023 @ 04:11:09.000","Mexico City",3,Zurich,"Thunder & Lightning",0
"Nov 12, 2023 @ 02:54:14.000",Zurich,1,Zurich,"Thunder & Lightning",0
"Nov 12, 2023 @ 00:50:42.000",Sydney,23,Zurich,Sunny,0
"Nov 12, 2023 @ 00:00:47.000",Zurich,23,Zurich,Clear,0
"Nov 11, 2023 @ 23:40:19.000",Ottawa,22,Zurich,Hail,0
"Nov 11, 2023 @ 22:27:50.000",Osaka,21,Zurich,Sunny,0
"Nov 11, 2023 @ 18:53:54.000",Sydney,17,Zurich,Sunny,0
"Nov 11, 2023 @ 18:25:14.000",Zurich,17,Zurich,Hail,0
"Nov 11, 2023 @ 18:16:38.000","San Francisco",17,Zurich,"Heavy Fog",0
"Nov 11, 2023 @ 16:45:26.000",Milan,15,Zurich,"Damaging Wind",0
"Nov 11, 2023 @ 15:28:19.000",Bogota,14,Zurich,Clear,0
"Nov 11, 2023 @ 14:02:38.000",Rome,13,Zurich,"Heavy Fog",0
"Nov 11, 2023 @ 13:23:57.000",Zurich,12,Zurich,"Damaging Wind",0
"Nov 11, 2023 @ 11:58:44.000",Torino,10,Zurich,"Thunder & Lightning",0
"Nov 11, 2023 @ 10:38:34.000",Zurich,9,Zurich,Clear,0
"Nov 11, 2023 @ 10:35:41.000",Seoul,9,Zurich,Cloudy,0
"Nov 11, 2023 @ 06:03:09.000",Vienna,5,Zurich,"Heavy Fog",0
"Nov 11, 2023 @ 06:01:04.000",Stockholm,5,Zurich,Cloudy,0
"Nov 11, 2023 @ 03:33:07.000",Belogorsk,2,Zurich,Clear,0
"Nov 11, 2023 @ 03:23:29.000",Chicago,2,Zurich,"Damaging Wind",0
"Nov 11, 2023 @ 03:16:27.000",Johannesburg,2,Zurich,"Thunder & Lightning",0
"Nov 11, 2023 @ 02:45:47.000",Warsaw,1,Zurich,Clear,0
"Nov 11, 2023 @ 02:00:51.000",Zurich,1,Zurich,Clear,0
"Nov 11, 2023 @ 00:33:00.000",Naples,23,Zurich,Sunny,0
"Nov 10, 2023 @ 21:28:51.000",Bogota,20,Zurich,Rain,0
"Nov 10, 2023 @ 21:11:52.000",Moline,20,Zurich,Rain,0
"Nov 10, 2023 @ 19:31:22.000",Helsinki,18,Zurich,Sunny,0
"Nov 10, 2023 @ 15:44:11.000",Memphis,14,Zurich,Sunny,0
"Nov 10, 2023 @ 12:17:27.000",Seattle,11,Zurich,Clear,0
"Nov 10, 2023 @ 11:23:17.000",Winnipeg,10,Zurich,Clear,0
"Nov 10, 2023 @ 08:34:59.000",Wichita,7,Zurich,Hail,0
"Nov 10, 2023 @ 07:17:39.000",Torino,6,Zurich,Sunny,0
"Nov 10, 2023 @ 06:10:32.000",Zurich,5,Zurich,Clear,0
"Nov 10, 2023 @ 03:27:34.000",Treviso,2,Zurich,Cloudy,0
"Nov 10, 2023 @ 03:22:41.000",Tokyo,2,Zurich,Rain,0
"Nov 10, 2023 @ 02:33:48.000",Hyderabad,1,Zurich,Clear,0
"Nov 10, 2023 @ 01:42:51.000",Wichita,0,Zurich,Clear,0
"Nov 10, 2023 @ 00:35:26.000",Zurich,23,Zurich,Clear,0
"Nov 10, 2023 @ 00:11:37.000",Zurich,23,Zurich,Hail,0
"Nov 9, 2023 @ 23:59:11.000",Rome,22,Zurich,Sunny,0
"Nov 9, 2023 @ 20:39:58.000",Zurich,19,Zurich,Cloudy,0
"Nov 9, 2023 @ 19:28:46.000",Vienna,18,Zurich,Cloudy,0
"Nov 9, 2023 @ 19:00:35.000",Tulsa,18,Zurich,Rain,0
"Nov 9, 2023 @ 16:20:33.000",Zurich,15,Zurich,Cloudy,0
"Nov 9, 2023 @ 15:43:09.000",Wichita,14,Zurich,Sunny,0
"Nov 9, 2023 @ 14:17:33.000",Tokyo,13,Zurich,Clear,0
"Nov 9, 2023 @ 11:33:16.000","Xi'an",10,Zurich,Sunny,0
"Nov 9, 2023 @ 10:39:30.000","Xi'an",9,Zurich,Clear,0
"Nov 9, 2023 @ 08:48:42.000",Winnipeg,7,Zurich,Rain,0
"Nov 9, 2023 @ 08:27:33.000",Vienna,7,Zurich,Clear,0
"Nov 9, 2023 @ 08:20:09.000",Durban,7,Zurich,Cloudy,0
"Nov 9, 2023 @ 06:42:26.000",Warsaw,5,Zurich,Clear,0
"Nov 9, 2023 @ 05:35:12.000",Toronto,4,Zurich,Clear,0
"Nov 9, 2023 @ 04:20:56.000",Belogorsk,3,Zurich,Rain,0
"Nov 9, 2023 @ 01:00:56.000",Zurich,0,Zurich,Sunny,0
"Nov 8, 2023 @ 23:55:11.000",Shanghai,22,Zurich,Hail,0
"Nov 8, 2023 @ 17:22:50.000","Xi'an",16,Zurich,Clear,0
"Nov 8, 2023 @ 17:06:10.000",Milan,16,Zurich,Cloudy,0
"Nov 8, 2023 @ 14:14:59.000",Belogorsk,13,Zurich,Rain,0
"Nov 8, 2023 @ 12:40:24.000",Catania,11,Zurich,Rain,0
"Nov 8, 2023 @ 12:26:05.000",Tucson,11,Zurich,Cloudy,0
"Nov 8, 2023 @ 12:20:37.000",Vienna,11,Zurich,Rain,0
"Nov 8, 2023 @ 11:44:50.000",Vienna,10,Zurich,Cloudy,0
"Nov 8, 2023 @ 11:33:28.000",Zurich,10,Zurich,Clear,0
"Nov 8, 2023 @ 09:44:42.000","Buenos Aires",8,Zurich,Sunny,0
"Nov 8, 2023 @ 08:19:14.000",Santiago,7,Zurich,"Damaging Wind",0
"Nov 8, 2023 @ 08:17:21.000",Seoul,7,Zurich,Clear,0
"Nov 8, 2023 @ 07:41:40.000","Xi'an",6,Zurich,"Heavy Fog",0
"Nov 8, 2023 @ 07:32:41.000",Ottawa,6,Zurich,Rain,0
"Nov 8, 2023 @ 05:42:41.000",Tulsa,4,Zurich,Clear,0
"Nov 8, 2023 @ 05:36:28.000","Mexico City",4,Zurich,Clear,0
"Nov 8, 2023 @ 04:27:43.000",Treviso,3,Zurich,Sunny,0
"Nov 8, 2023 @ 03:17:48.000","Xi'an",2,Zurich,Clear,0
"Nov 8, 2023 @ 03:14:50.000",Moscow,2,Zurich,"Heavy Fog",0
"Nov 8, 2023 @ 02:01:17.000",Shanghai,1,Zurich,Hail,0
"Nov 8, 2023 @ 01:28:38.000",Zurich,0,Zurich,Sunny,0
"Nov 7, 2023 @ 22:35:55.000",Venice,21,Zurich,Sunny,0
"Nov 7, 2023 @ 21:50:07.000",Warsaw,20,Zurich,Cloudy,0
"Nov 7, 2023 @ 19:40:20.000",Venice,18,Zurich,Cloudy,0
"Nov 7, 2023 @ 14:31:21.000",Verona,13,Zurich,Sunny,0
"Nov 7, 2023 @ 11:25:47.000",London,10,Zurich,Clear,0
"Nov 7, 2023 @ 11:05:09.000",Quito,10,Zurich,Cloudy,0
"Nov 7, 2023 @ 08:53:09.000",Tokyo,7,Zurich,Sunny,0
"Nov 7, 2023 @ 07:08:48.000",Montreal,6,Zurich,Clear,0
"Nov 7, 2023 @ 04:54:14.000",Warsaw,3,Zurich,Clear,0
"Nov 6, 2023 @ 22:52:09.000","Raleigh/Durham",21,Zurich,Sunny,0
"Nov 6, 2023 @ 19:29:29.000",Zurich,18,Zurich,"Damaging Wind",0
"Nov 6, 2023 @ 14:30:38.000",Pisa,13,Zurich,Rain,0
"Nov 6, 2023 @ 13:38:35.000",Verona,12,Zurich,Rain,0
"Nov 6, 2023 @ 11:08:52.000",London,10,Zurich,Sunny,0
"Nov 6, 2023 @ 10:31:39.000",London,9,Zurich,Cloudy,0
"Nov 6, 2023 @ 08:16:16.000","San Antonio",7,Zurich,Clear,0
"Nov 6, 2023 @ 03:33:52.000",Winnipeg,2,Zurich,Hail,0
"Nov 5, 2023 @ 22:24:14.000",Zurich,21,Zurich,Rain,0
"Nov 5, 2023 @ 20:25:36.000",Zurich,19,Zurich,Clear,0
"Nov 5, 2023 @ 18:18:46.000",Oslo,17,Zurich,Hail,0
"Nov 5, 2023 @ 17:03:26.000",Beijing,16,Zurich,Sunny,0
"Nov 5, 2023 @ 16:30:29.000","Xi'an",15,Zurich,Cloudy,0
"Nov 5, 2023 @ 14:31:33.000",Zurich,13,Zurich,Cloudy,0
"Nov 5, 2023 @ 13:33:18.000","Xi'an",12,Zurich,Rain,0
"Nov 5, 2023 @ 13:01:46.000",Zurich,12,Zurich,"Thunder & Lightning",0
"Nov 5, 2023 @ 11:25:16.000",Treviso,10,Zurich,Rain,0
"Nov 5, 2023 @ 11:22:24.000",Manchester,10,Zurich,"Thunder & Lightning",0
"Nov 5, 2023 @ 02:26:02.000",Torino,1,Zurich,Rain,0
"Nov 4, 2023 @ 22:54:29.000",Zurich,21,Zurich,Rain,0
"Nov 4, 2023 @ 20:43:28.000",Zurich,19,Zurich,Clear,0
"Nov 4, 2023 @ 20:40:09.000",Wichita,19,Zurich,"Thunder & Lightning",0
"Nov 4, 2023 @ 20:34:19.000",Zurich,19,Zurich,"Thunder & Lightning",0
"Nov 4, 2023 @ 19:10:31.000","Xi'an",18,Zurich,Rain,0
"Nov 4, 2023 @ 13:39:40.000",Moscow,12,Zurich,Clear,0
"Nov 4, 2023 @ 12:43:36.000",Wichita,11,Zurich,Cloudy,0
"Nov 4, 2023 @ 12:14:55.000",Venice,11,Zurich,Hail,0
"Nov 4, 2023 @ 09:27:38.000",Greensboro,8,Zurich,Clear,0
"Nov 3, 2023 @ 21:19:02.000",Zurich,20,Zurich,"Damaging Wind",0
"Nov 3, 2023 @ 18:50:59.000",Zurich,17,Zurich,Cloudy,0
"Nov 3, 2023 @ 18:25:44.000","Des Moines",17,Zurich,Clear,0
"Nov 3, 2023 @ 18:13:38.000",Vienna,17,Zurich,Clear,0
"Nov 3, 2023 @ 17:17:25.000",Zurich,16,Zurich,Rain,0
"Nov 3, 2023 @ 15:59:55.000",Helsinki,14,Zurich,"Heavy Fog",0
"Nov 3, 2023 @ 14:30:26.000",Tulsa,13,Zurich,Clear,0
"Nov 3, 2023 @ 12:46:31.000",Wichita,11,Zurich,Clear,0
"Nov 3, 2023 @ 10:55:11.000",Zurich,9,Zurich,Rain,0
"Nov 3, 2023 @ 10:28:09.000","Mexico City",9,Zurich,Sunny,0
"Nov 3, 2023 @ 10:19:56.000",Zurich,9,Zurich,Rain,0
"Nov 3, 2023 @ 09:20:15.000",Munich,8,Zurich,Rain,0
"Nov 3, 2023 @ 07:50:00.000",Shanghai,6,Zurich,Rain,0
"Nov 3, 2023 @ 04:48:43.000",Moscow,3,Zurich,Clear,0
"Nov 3, 2023 @ 02:50:11.000","Abu Dhabi",1,Zurich,Sunny,0
"Nov 3, 2023 @ 02:02:51.000",Zurich,1,Zurich,Sunny,0
"Nov 3, 2023 @ 00:20:14.000","Xi'an",23,Zurich,Clear,0
"Nov 2, 2023 @ 23:51:28.000",Zurich,22,Zurich,"Damaging Wind",0
"Nov 2, 2023 @ 22:12:45.000",Zurich,21,Zurich,Rain,0
"Nov 2, 2023 @ 22:06:49.000",Manchester,21,Zurich,Cloudy,0
"Nov 2, 2023 @ 21:21:27.000",Bangalore,20,Zurich,Rain,0
"Nov 2, 2023 @ 20:36:47.000",Winnipeg,19,Zurich,"Damaging Wind",0
"Nov 2, 2023 @ 18:30:57.000","Xi'an",17,Zurich,Cloudy,0
"Nov 2, 2023 @ 17:00:15.000",Winnipeg,16,Zurich,Rain,0
"Nov 2, 2023 @ 15:59:05.000",Zurich,14,Zurich,"Damaging Wind",0
"Nov 2, 2023 @ 15:47:38.000",Zurich,14,Zurich,"Thunder & Lightning",0
"Nov 2, 2023 @ 15:36:54.000","San Juan",14,Zurich,"Thunder & Lightning",0
"Nov 2, 2023 @ 15:31:31.000",Zurich,14,Zurich,"Damaging Wind",0
"Nov 2, 2023 @ 14:16:56.000","Xi'an",13,Zurich,Sunny,0
"Nov 2, 2023 @ 13:06:21.000",Miami,12,Zurich,"Damaging Wind",0
"Nov 2, 2023 @ 12:38:02.000",Barcelona,11,Zurich,Sunny,0
"Nov 2, 2023 @ 11:51:29.000",Zurich,10,Zurich,"Heavy Fog",0
"Nov 2, 2023 @ 10:44:59.000",Warsaw,9,Zurich,"Heavy Fog",0
"Nov 2, 2023 @ 08:55:51.000",Reno,7,Zurich,Rain,0
"Nov 2, 2023 @ 07:41:02.000",Syracuse,6,Zurich,Rain,0
"Nov 2, 2023 @ 03:15:59.000",Warsaw,2,Zurich,Rain,0
"Nov 2, 2023 @ 02:23:13.000",Zurich,1,Zurich,Sunny,0
"Nov 2, 2023 @ 01:49:45.000",Guangzhou,0,Zurich,"Thunder & Lightning",0
"Nov 1, 2023 @ 22:46:17.000",Adelaide,21,Zurich,Rain,0
"Nov 1, 2023 @ 20:54:55.000",Reno,19,Zurich,Cloudy,0
"Nov 1, 2023 @ 19:09:53.000",Zurich,18,Zurich,Sunny,0
"Nov 1, 2023 @ 18:43:54.000",Zurich,17,Zurich,Sunny,0
"Nov 1, 2023 @ 16:02:22.000",Winnipeg,15,Zurich,"Thunder & Lightning",0
"Nov 1, 2023 @ 15:39:29.000",Ottawa,14,Zurich,Sunny,0
"Nov 1, 2023 @ 11:32:18.000",Stockholm,10,Zurich,Clear,0
"Nov 1, 2023 @ 06:10:03.000",Shanghai,5,Zurich,Cloudy,0
"Nov 1, 2023 @ 04:57:54.000",Johannesburg,3,Zurich,"Thunder & Lightning",0
"Nov 1, 2023 @ 03:14:42.000",Osaka,2,Zurich,"Heavy Fog",0
"Nov 1, 2023 @ 02:20:45.000",Verona,1,Zurich,Rain,0
"Oct 31, 2023 @ 22:07:05.000",Zurich,21,Zurich,Sunny,0
"Oct 31, 2023 @ 21:23:34.000","San Juan",20,Zurich,Rain,0
"Oct 31, 2023 @ 20:51:35.000",Munich,19,Zurich,"Heavy Fog",0
"Oct 31, 2023 @ 20:35:49.000",Syracuse,19,Zurich,Hail,0
"Oct 31, 2023 @ 20:05:15.000",Bergamo,19,Zurich,Rain,0
"Oct 31, 2023 @ 19:51:05.000",Belogorsk,18,Zurich,Rain,0
"Oct 31, 2023 @ 19:33:02.000","Abu Dhabi",18,Zurich,Cloudy,0
"Oct 31, 2023 @ 15:44:32.000",Milan,14,Zurich,Hail,0
"Oct 31, 2023 @ 13:54:26.000",Rochester,12,Zurich,Sunny,0
"Oct 31, 2023 @ 13:30:32.000","Xi'an",12,Zurich,Hail,0
"Oct 31, 2023 @ 13:28:04.000","Buenos Aires",12,Zurich,Sunny,0
"Oct 31, 2023 @ 13:04:03.000",Warsaw,12,Zurich,Clear,0
"Oct 31, 2023 @ 13:00:18.000",Zurich,12,Zurich,Clear,0
"Oct 31, 2023 @ 12:57:18.000",Tokyo,11,Zurich,Rain,0
"Oct 31, 2023 @ 12:35:40.000",London,11,Zurich,Clear,0
"Oct 31, 2023 @ 11:29:34.000",Moscow,10,Zurich,Clear,0
"Oct 31, 2023 @ 08:32:37.000",Zurich,7,Zurich,Sunny,0
"Oct 31, 2023 @ 08:23:56.000",Oslo,7,Zurich,Cloudy,0
"Oct 31, 2023 @ 07:54:50.000",Zurich,6,Zurich,Cloudy,0
"Oct 31, 2023 @ 07:24:24.000",Pisa,6,Zurich,Clear,0
"Oct 31, 2023 @ 05:32:10.000",Zurich,4,Zurich,Clear,0
"Oct 31, 2023 @ 04:24:19.000",Treviso,3,Zurich,Cloudy,0
"Oct 31, 2023 @ 03:03:34.000","Xi'an",2,Zurich,Rain,0
"Oct 31, 2023 @ 02:52:05.000",Savannah,1,Zurich,Clear,0
"Oct 31, 2023 @ 00:49:42.000",Vienna,23,Zurich,Clear,0
"Oct 30, 2023 @ 23:08:47.000","Chitose / Tomakomai",22,Zurich,Sunny,0
"Oct 30, 2023 @ 21:35:47.000",Tokyo,20,Zurich,Sunny,0
"Oct 30, 2023 @ 20:30:39.000",Verona,19,Zurich,Cloudy,0
"Oct 30, 2023 @ 20:03:56.000",Zurich,19,Zurich,Clear,0
"Oct 30, 2023 @ 18:31:19.000",Verona,17,Zurich,Clear,0
"Oct 30, 2023 @ 16:11:39.000",Philadelphia,15,Zurich,Clear,0
"Oct 30, 2023 @ 16:04:43.000",Tokyo,15,Zurich,Sunny,0
"Oct 30, 2023 @ 15:39:59.000",Moscow,14,Zurich,Cloudy,0
"Oct 30, 2023 @ 13:43:38.000",Belogorsk,12,Zurich,Sunny,0
"Oct 30, 2023 @ 13:34:23.000","Xi'an",12,Zurich,"Heavy Fog",0
"Oct 30, 2023 @ 11:58:17.000",Vienna,10,Zurich,"Damaging Wind",0
"Oct 30, 2023 @ 10:52:06.000",Stockholm,9,Zurich,"Thunder & Lightning",0
"Oct 30, 2023 @ 06:50:37.000",Winnipeg,5,Zurich,Rain,0
"Oct 30, 2023 @ 05:29:10.000",Zurich,4,Zurich,Sunny,0
"Oct 30, 2023 @ 05:25:34.000",Rome,4,Zurich,Cloudy,0
"Oct 29, 2023 @ 22:59:55.000","St Louis",21,Zurich,"Damaging Wind",0
"Oct 29, 2023 @ 20:14:48.000",Palermo,19,Zurich,Rain,0
"Oct 29, 2023 @ 19:32:24.000","Xi'an",18,Zurich,Rain,0
"Oct 29, 2023 @ 11:31:50.000","Xi'an",10,Zurich,Sunny,0
"Oct 29, 2023 @ 11:11:38.000",Brisbane,10,Zurich,Clear,0
"Oct 29, 2023 @ 08:41:21.000",Venice,7,Zurich,Rain,0
"Oct 29, 2023 @ 07:50:43.000",Lima,6,Zurich,"Thunder & Lightning",0
"Oct 29, 2023 @ 06:32:22.000",Zurich,5,Zurich,Sunny,0
"Oct 29, 2023 @ 02:00:00.000","Xi'an",0,Zurich,Rain,0
"Oct 29, 2023 @ 01:32:39.000",Zurich,23,Zurich,Rain,0
"Oct 29, 2023 @ 01:28:12.000",Belogorsk,23,Zurich,Rain,0
"Oct 28, 2023 @ 23:23:54.000","Xi'an",21,Zurich,Sunny,0
"Oct 28, 2023 @ 20:23:23.000",Zurich,18,Zurich,Rain,0
"Oct 28, 2023 @ 18:55:01.000",Syracuse,16,Zurich,Hail,0
"Oct 28, 2023 @ 16:47:12.000",Zurich,14,Zurich,"Thunder & Lightning",0
"Oct 28, 2023 @ 15:13:46.000",Zurich,13,Zurich,Clear,0
"Oct 28, 2023 @ 14:09:17.000",Zurich,12,Zurich,"Heavy Fog",0
"Oct 28, 2023 @ 13:54:11.000",Amsterdam,11,Zurich,"Thunder & Lightning",0
"Oct 28, 2023 @ 12:56:24.000",Naples,10,Zurich,Clear,0
"Oct 28, 2023 @ 08:56:08.000",Shanghai,6,Zurich,Clear,0
"Oct 28, 2023 @ 02:37:26.000",Winnipeg,0,Zurich,"Heavy Fog",0
"Oct 27, 2023 @ 23:07:11.000",Istanbul,21,Zurich,Cloudy,0
"Oct 27, 2023 @ 23:02:52.000",Zurich,21,Zurich,Hail,0
"Oct 27, 2023 @ 22:24:48.000",Dubai,20,Zurich,Cloudy,0
"Oct 27, 2023 @ 22:20:53.000",Treviso,20,Zurich,"Damaging Wind",0
"Oct 27, 2023 @ 22:08:51.000",Verona,20,Zurich,Hail,0
"Oct 27, 2023 @ 17:54:00.000",Zurich,15,Zurich,Sunny,0
"Oct 27, 2023 @ 16:15:29.000",Wichita,14,Zurich,Cloudy,0
"Oct 27, 2023 @ 15:49:20.000",Sydney,13,Zurich,Sunny,0
"Oct 27, 2023 @ 15:33:30.000",Wichita,13,Zurich,"Thunder & Lightning",0
"Oct 27, 2023 @ 13:12:43.000",Belogorsk,11,Zurich,"Thunder & Lightning",0
"Oct 27, 2023 @ 12:29:09.000",Catania,10,Zurich,Cloudy,0
"Oct 27, 2023 @ 09:28:15.000",Chicago,7,Zurich,Cloudy,0
"Oct 27, 2023 @ 07:43:11.000",Tokyo,5,Zurich,"Thunder & Lightning",0
"Oct 27, 2023 @ 07:22:27.000",Bangalore,5,Zurich,Cloudy,0
"Oct 27, 2023 @ 06:57:41.000",Belogorsk,4,Zurich,Cloudy,0
"Oct 27, 2023 @ 06:08:22.000",Sydney,4,Zurich,Clear,0
"Oct 27, 2023 @ 04:23:08.000",Venice,2,Zurich,"Heavy Fog",0
"Oct 27, 2023 @ 02:31:16.000",Tulsa,0,Zurich,Rain,0
"Oct 27, 2023 @ 02:23:07.000",Venice,0,Zurich,"Damaging Wind",0
"Oct 27, 2023 @ 02:01:22.000","Xi'an",0,Zurich,Sunny,0
"Oct 27, 2023 @ 02:00:46.000","San Diego",0,Zurich,Rain,0
"Oct 27, 2023 @ 01:47:44.000",Tokyo,23,Zurich,Cloudy,0
"Oct 27, 2023 @ 01:35:38.000",Bangor,23,Zurich,Cloudy,0
"Oct 26, 2023 @ 22:27:34.000",Seattle,20,Zurich,Rain,0
"Oct 26, 2023 @ 22:22:15.000",Cincinnati,20,Zurich,"Damaging Wind",0
"Oct 26, 2023 @ 22:07:11.000",Venice,20,Zurich,Rain,0
"Oct 26, 2023 @ 20:18:14.000",Zurich,18,Zurich,Clear,0
"Oct 26, 2023 @ 17:47:06.000",Cologne,15,Zurich,Clear,0
"Oct 26, 2023 @ 17:24:29.000",Melbourne,15,Zurich,Hail,0
"Oct 26, 2023 @ 14:28:16.000",Washington,12,Zurich,Clear,0
"Oct 26, 2023 @ 11:31:48.000",Quito,9,Zurich,Hail,0
"Oct 26, 2023 @ 11:24:24.000",Munich,9,Zurich,Cloudy,0
"Oct 26, 2023 @ 10:59:26.000",Winnipeg,8,Zurich,Rain,0
"Oct 26, 2023 @ 09:43:07.000",Zurich,7,Zurich,Cloudy,0
"Oct 26, 2023 @ 09:24:09.000",Zurich,7,Zurich,Sunny,0
"Oct 26, 2023 @ 09:04:21.000",Olenegorsk,7,Zurich,"Heavy Fog",0
"Oct 26, 2023 @ 07:24:41.000",Zurich,5,Zurich,Rain,0
"Oct 26, 2023 @ 04:55:54.000","Xi'an",2,Zurich,Clear,0
"Oct 26, 2023 @ 02:31:06.000",Tokyo,0,Zurich,Clear,0
"Oct 25, 2023 @ 23:40:13.000",Ottawa,21,Zurich,"Damaging Wind",0
"Oct 25, 2023 @ 23:30:43.000",Zurich,21,Zurich,Sunny,0
"Oct 25, 2023 @ 22:42:05.000",Zurich,20,Zurich,Hail,0
"Oct 25, 2023 @ 21:36:50.000",Zurich,19,Zurich,Sunny,0
"Oct 25, 2023 @ 20:36:42.000",Zurich,18,Zurich,Clear,0
"Oct 25, 2023 @ 17:53:09.000",Dubai,15,Zurich,Clear,0
"Oct 25, 2023 @ 16:39:04.000",Warsaw,14,Zurich,Sunny,0
"Oct 25, 2023 @ 15:01:45.000",Quito,13,Zurich,Cloudy,0
"Oct 25, 2023 @ 13:43:12.000",Tokyo,11,Zurich,Sunny,0
"Oct 25, 2023 @ 13:21:39.000",Olenegorsk,11,Zurich,Sunny,0
"Oct 25, 2023 @ 13:15:19.000",Zurich,11,Zurich,"Heavy Fog",0
"Oct 25, 2023 @ 11:31:50.000",Warsaw,9,Zurich,Rain,0
"Oct 25, 2023 @ 09:40:58.000",Melbourne,7,Zurich,Rain,0
"Oct 25, 2023 @ 09:19:09.000",Tokyo,7,Zurich,Sunny,0
"Oct 25, 2023 @ 05:16:35.000",Spokane,3,Zurich,Hail,0
"Oct 25, 2023 @ 02:00:00.000",Denver,0,Zurich,"Thunder & Lightning",0
"Oct 25, 2023 @ 01:24:33.000",Verona,23,Zurich,"Heavy Fog",0
"Oct 25, 2023 @ 01:21:46.000",Zurich,23,Zurich,"Thunder & Lightning",0
"Oct 24, 2023 @ 23:49:56.000","Chitose / Tomakomai",21,Zurich,"Thunder & Lightning",0
"Oct 24, 2023 @ 21:30:33.000",Venice,19,Zurich,Hail,0
"Oct 24, 2023 @ 17:55:09.000",Verona,15,Zurich,Hail,0
"Oct 24, 2023 @ 17:43:22.000",Hyderabad,15,Zurich,Sunny,0
"Oct 24, 2023 @ 14:29:34.000",Warsaw,12,Zurich,Clear,0
"Oct 24, 2023 @ 11:24:02.000",Montreal,9,Zurich,Rain,0
"Oct 24, 2023 @ 10:34:21.000","Xi'an",8,Zurich,"Heavy Fog",0
"Oct 24, 2023 @ 09:54:19.000",Zurich,7,Zurich,Clear,0
"Oct 24, 2023 @ 06:46:26.000",Verona,4,Zurich,Cloudy,0
"Oct 24, 2023 @ 05:23:43.000",Charlotte,3,Zurich,Clear,0
"Oct 24, 2023 @ 03:51:53.000",Naples,1,Zurich,Clear,0
"Oct 24, 2023 @ 03:15:27.000",Orlando,1,Zurich,Clear,0
"Oct 24, 2023 @ 02:55:51.000",Seoul,0,Zurich,Rain,0
"Oct 24, 2023 @ 00:49:17.000",Belogorsk,22,Zurich,"Heavy Fog",0
"Oct 23, 2023 @ 23:09:38.000",Stockholm,21,Zurich,Cloudy,0
"Oct 23, 2023 @ 22:38:54.000",Pisa,20,Zurich,Rain,0
"Oct 23, 2023 @ 21:07:30.000",Zurich,19,Zurich,"Damaging Wind",0
"Oct 23, 2023 @ 20:48:28.000",Warsaw,18,Zurich,Sunny,0
"Oct 23, 2023 @ 19:56:02.000",Ottawa,17,Zurich,Rain,0
"Oct 23, 2023 @ 19:27:42.000","Xi'an",17,Zurich,Clear,0
"Oct 23, 2023 @ 18:32:21.000",Tokyo,16,Zurich,"Heavy Fog",0
"Oct 23, 2023 @ 17:56:13.000",Chicago,15,Zurich,Clear,0
"Oct 23, 2023 @ 16:34:32.000",Washington,14,Zurich,Rain,0
"Oct 23, 2023 @ 14:41:49.000",Zurich,12,Zurich,Cloudy,0
"Oct 23, 2023 @ 14:30:19.000",Belogorsk,12,Zurich,Rain,0
"Oct 23, 2023 @ 12:55:58.000",Erie,10,Zurich,Sunny,0
"Oct 23, 2023 @ 12:50:12.000",Winnipeg,10,Zurich,"Heavy Fog",0
"Oct 23, 2023 @ 10:19:21.000",Zurich,8,Zurich,"Damaging Wind",0
"Oct 23, 2023 @ 07:01:22.000",Seoul,5,Zurich,Cloudy,0
"Oct 23, 2023 @ 06:29:39.000",Belogorsk,4,Zurich,"Thunder & Lightning",0
"Oct 23, 2023 @ 05:45:05.000",Verona,3,Zurich,Hail,0
"Oct 23, 2023 @ 04:38:40.000",Rochester,2,Zurich,Clear,0
"Oct 22, 2023 @ 20:43:51.000",Vienna,18,Zurich,Sunny,0
"Oct 22, 2023 @ 20:09:10.000",Verona,18,Zurich,Cloudy,0
"Oct 22, 2023 @ 19:58:31.000",Zurich,17,Zurich,Clear,0
"Oct 22, 2023 @ 19:55:31.000",Zurich,17,Zurich,Cloudy,0
"Oct 22, 2023 @ 19:01:18.000",Venice,17,Zurich,Hail,0
"Oct 22, 2023 @ 17:26:50.000",Belogorsk,15,Zurich,"Heavy Fog",0
"Oct 22, 2023 @ 16:57:30.000",London,14,Zurich,"Heavy Fog",0
"Oct 22, 2023 @ 16:21:28.000",Venice,14,Zurich,Rain,0
"Oct 22, 2023 @ 11:19:12.000",Shanghai,9,Zurich,Clear,0
"Oct 22, 2023 @ 07:46:14.000","Xi'an",5,Zurich,Rain,0
"Oct 22, 2023 @ 07:28:20.000",Zurich,5,Zurich,Rain,0
"Oct 22, 2023 @ 04:25:59.000",Dubai,2,Zurich,Sunny,0
"Oct 22, 2023 @ 03:59:45.000",Warsaw,1,Zurich,Cloudy,0
"Oct 22, 2023 @ 03:37:30.000",Paris,1,Zurich,Clear,0
"Oct 22, 2023 @ 02:05:24.000",Sydney,0,Zurich,Sunny,0
"Oct 21, 2023 @ 23:22:25.000",Oslo,21,Zurich,Clear,0
"Oct 21, 2023 @ 22:54:06.000",Zurich,20,Zurich,Cloudy,0
"Oct 21, 2023 @ 22:46:07.000",Zurich,20,Zurich,"Damaging Wind",0
"Oct 21, 2023 @ 22:25:44.000",Hyderabad,20,Zurich,Rain,0
"Oct 21, 2023 @ 22:09:24.000",Manchester,20,Zurich,Cloudy,0
"Oct 21, 2023 @ 21:33:24.000",Washington,19,Zurich,Clear,0
"Oct 21, 2023 @ 14:47:21.000",Memphis,12,Zurich,Clear,0
"Oct 21, 2023 @ 14:38:46.000","New Orleans",12,Zurich,Clear,0
"Oct 21, 2023 @ 12:16:27.000",Hyderabad,10,Zurich,Sunny,0
"Oct 21, 2023 @ 12:00:09.000",Venice,10,Zurich,Rain,0
"Oct 21, 2023 @ 11:49:17.000","San Antonio",9,Zurich,Rain,0
"Oct 21, 2023 @ 11:32:43.000",Wichita,9,Zurich,Cloudy,0
"Oct 21, 2023 @ 10:55:36.000",Torino,8,Zurich,Sunny,0
"Oct 21, 2023 @ 10:53:22.000",Manchester,8,Zurich,Clear,0
"Oct 21, 2023 @ 08:30:25.000","Buenos Aires",6,Zurich,Sunny,0
"Oct 21, 2023 @ 03:52:39.000",Venice,1,Zurich,Sunny,0
"Oct 21, 2023 @ 02:36:18.000",Tampa,0,Zurich,Hail,0
"Oct 21, 2023 @ 01:17:02.000",Zurich,23,Zurich,Rain,0
"Oct 21, 2023 @ 00:13:44.000",Vienna,22,Zurich,"Heavy Fog",0
"Oct 20, 2023 @ 23:46:58.000",Pisa,21,Zurich,Cloudy,0
"Oct 20, 2023 @ 23:03:37.000",Venice,21,Zurich,"Damaging Wind",0
"Oct 20, 2023 @ 22:38:19.000","San Diego",20,Zurich,Cloudy,0
"Oct 20, 2023 @ 22:33:02.000","Chitose / Tomakomai",20,Zurich,Sunny,0
"Oct 20, 2023 @ 22:15:37.000",Zurich,20,Zurich,Clear,0
"Oct 20, 2023 @ 21:45:37.000",Tucson,19,Zurich,Cloudy,0
"Oct 20, 2023 @ 19:58:27.000","Frankfurt am Main",17,Zurich,Rain,0
"Oct 20, 2023 @ 16:46:52.000",Zurich,14,Zurich,Hail,0
"Oct 20, 2023 @ 16:40:08.000",Treviso,14,Zurich,Hail,0
"Oct 20, 2023 @ 16:02:01.000",Pisa,14,Zurich,Rain,0
"Oct 20, 2023 @ 16:01:46.000",Bari,14,Zurich,Sunny,0
"Oct 20, 2023 @ 15:51:21.000",Warsaw,13,Zurich,"Heavy Fog",0
"Oct 20, 2023 @ 13:02:52.000",Moscow,11,Zurich,Sunny,0
"Oct 20, 2023 @ 12:50:27.000",Tulsa,10,Zurich,Cloudy,0
"Oct 20, 2023 @ 10:02:05.000",Zurich,8,Zurich,Clear,0
"Oct 20, 2023 @ 09:52:54.000",Pisa,7,Zurich,"Thunder & Lightning",0
"Oct 20, 2023 @ 09:17:56.000",Hyderabad,7,Zurich,Hail,0
"Oct 20, 2023 @ 05:21:58.000",Zurich,3,Zurich,Rain,0
"Oct 20, 2023 @ 04:52:24.000",Osaka,2,Zurich,Cloudy,0
"Oct 20, 2023 @ 01:54:57.000",Moscow,23,Zurich,"Damaging Wind",0
"Oct 20, 2023 @ 01:47:06.000",Pisa,23,Zurich,Rain,0
"Oct 19, 2023 @ 21:04:40.000",Shanghai,19,Zurich,Hail,0
"Oct 19, 2023 @ 19:16:11.000",Chengdu,17,Zurich,"Heavy Fog",0
"Oct 19, 2023 @ 18:56:59.000","Xi'an",16,Zurich,Clear,0
"Oct 19, 2023 @ 17:14:59.000",Torino,15,Zurich,Rain,0
"Oct 19, 2023 @ 14:55:55.000",Cincinnati,12,Zurich,Rain,0
"Oct 19, 2023 @ 13:31:23.000",Warsaw,11,Zurich,Sunny,0
"Oct 19, 2023 @ 10:21:01.000",Winnipeg,8,Zurich,Sunny,0
"Oct 19, 2023 @ 10:10:27.000",Winnipeg,8,Zurich,Clear,0
"Oct 19, 2023 @ 09:24:28.000",Philadelphia,7,Zurich,"Damaging Wind",0
"Oct 19, 2023 @ 07:16:24.000",Winnipeg,5,Zurich,"Heavy Fog",0
"Oct 19, 2023 @ 07:07:34.000",Winnipeg,5,Zurich,"Damaging Wind",0
"Oct 19, 2023 @ 05:58:47.000",Vienna,3,Zurich,"Thunder & Lightning",0
"Oct 19, 2023 @ 04:12:57.000","Newport News",2,Zurich,Clear,0
"Oct 19, 2023 @ 02:36:55.000",Zurich,0,Zurich,Clear,0
"Oct 19, 2023 @ 01:49:29.000",Bogota,23,Zurich,Cloudy,0
"Oct 19, 2023 @ 00:44:28.000",Shanghai,22,Zurich,Hail,0
"Oct 18, 2023 @ 21:47:54.000",Venice,19,Zurich,Hail,0
"Oct 18, 2023 @ 20:33:41.000",Zurich,18,Zurich,"Heavy Fog",0
"Oct 18, 2023 @ 20:28:41.000",Venice,18,Zurich,Clear,0
"Oct 18, 2023 @ 18:25:04.000",Bangalore,16,Zurich,"Thunder & Lightning",0
"Oct 18, 2023 @ 13:34:07.000",Stockholm,11,Zurich,Cloudy,0
"Oct 18, 2023 @ 10:28:22.000",Zurich,8,Zurich,"Heavy Fog",0
"Oct 18, 2023 @ 08:22:14.000","Xi'an",6,Zurich,Cloudy,0
"Oct 18, 2023 @ 06:59:11.000",Jackson,4,Zurich,Sunny,0
"Oct 18, 2023 @ 05:43:26.000",Warsaw,3,Zurich,Cloudy,0
"Oct 18, 2023 @ 02:00:00.000",Bergamo,0,Zurich,"Damaging Wind",0
"Oct 18, 2023 @ 00:50:35.000",Treviso,22,Zurich,Cloudy,0
"Oct 18, 2023 @ 00:41:21.000","New Delhi",22,Zurich,Rain,0
"Oct 18, 2023 @ 00:31:26.000","Xi'an",22,Zurich,Sunny,0
"Oct 17, 2023 @ 23:21:18.000",Shanghai,21,Zurich,Rain,0
"Oct 17, 2023 @ 19:31:42.000",Vienna,17,Zurich,Rain,0
"Oct 17, 2023 @ 19:23:49.000","San Antonio",17,Zurich,"Thunder & Lightning",0
"Oct 17, 2023 @ 18:55:09.000",Zurich,16,Zurich,Clear,0
"Oct 17, 2023 @ 18:03:20.000",Zurich,16,Zurich,Cloudy,0
"Oct 17, 2023 @ 17:42:40.000",Zurich,15,Zurich,Sunny,0
"Oct 17, 2023 @ 15:30:31.000",Zurich,13,Zurich,Sunny,0
"Oct 17, 2023 @ 14:25:13.000",Rochester,12,Zurich,Hail,0
"Oct 17, 2023 @ 13:06:52.000",Olenegorsk,11,Zurich,Cloudy,0
"Oct 17, 2023 @ 10:44:16.000",Melbourne,8,Zurich,Hail,0
"Oct 17, 2023 @ 10:31:02.000","San Diego",8,Zurich,"Damaging Wind",0
"Oct 17, 2023 @ 07:36:09.000",Winnipeg,5,Zurich,Sunny,0
"Oct 17, 2023 @ 05:30:57.000",Zurich,3,Zurich,"Thunder & Lightning",0
"Oct 17, 2023 @ 04:19:53.000","San Juan",2,Zurich,Clear,0
"Oct 17, 2023 @ 04:07:00.000",Olenegorsk,2,Zurich,"Damaging Wind",0
"Oct 17, 2023 @ 03:50:15.000","Xi'an",1,Zurich,Sunny,0
"Oct 17, 2023 @ 00:34:35.000",Tokyo,22,Zurich,Cloudy,0
"Oct 16, 2023 @ 23:55:14.000",Torino,21,Zurich,Clear,0
"Oct 16, 2023 @ 20:00:59.000",Tulsa,18,Zurich,Rain,0
"Oct 16, 2023 @ 18:25:52.000",Miami,16,Zurich,Hail,0
"Oct 16, 2023 @ 16:32:15.000",Warsaw,14,Zurich,Sunny,0
"Oct 16, 2023 @ 16:04:04.000",Winnipeg,14,Zurich,Rain,0
"Oct 16, 2023 @ 15:49:53.000",Zurich,13,Zurich,Clear,0
"Oct 16, 2023 @ 12:21:08.000",Zurich,10,Zurich,Rain,0
"Oct 16, 2023 @ 12:17:54.000",Zurich,10,Zurich,Cloudy,0
"Oct 16, 2023 @ 11:41:02.000",Venice,9,Zurich,Rain,0
"Oct 16, 2023 @ 05:01:52.000",Savannah,3,Zurich,Cloudy,0
"Oct 16, 2023 @ 04:59:15.000",Zurich,2,Zurich,Rain,0
"Oct 16, 2023 @ 04:52:17.000",Zurich,2,Zurich,Sunny,0
